INSERT [dbo].[Estatus] ([ID], [Nombre], [Descripcion], [Tipo]) VALUES (1, N'Activo', N'El estudiante se encuentra activo', N'Local')
INSERT [dbo].[Estatus] ([ID], [Nombre], [Descripcion], [Tipo]) VALUES (2, N'Inactivo', N'El estudiante se encuentra inactivo', N'Local')
INSERT [dbo].[Estatus] ([ID], [Nombre], [Descripcion], [Tipo]) VALUES (3, N'Suspendido', N'El estudiante se encuentra suspendido', N'Local')
INSERT [dbo].[Aula] ([Numero], [Capacidad], [Tipo]) VALUES (91, 38, N'Grande')
INSERT [dbo].[Aula] ([Numero], [Capacidad], [Tipo]) VALUES (92, 35, N'Grande')
INSERT [dbo].[Aula] ([Numero], [Capacidad], [Tipo]) VALUES (93, 30, N'Chico')
INSERT [dbo].[Aula] ([Numero], [Capacidad], [Tipo]) VALUES (94, 38, N'Grande')
INSERT [dbo].[Aula] ([Numero], [Capacidad], [Tipo]) VALUES (95, 38, N'Grande')
INSERT [dbo].[Aula] ([Numero], [Capacidad], [Tipo]) VALUES (96, 38, N'Grande')
INSERT [dbo].[Aula] ([Numero], [Capacidad], [Tipo]) VALUES (97, 40, N'Grande')
INSERT [dbo].[Aula] ([Numero], [Capacidad], [Tipo]) VALUES (98, 32, N'Chico')
INSERT [dbo].[Aula] ([Numero], [Capacidad], [Tipo]) VALUES (99, 32, N'Chico')
INSERT [dbo].[Aula] ([Numero], [Capacidad], [Tipo]) VALUES (100, 33, N'Chico')
INSERT [dbo].[Estudiante] ([Matricula], [Nombre], [Apellido_Paterno], [Apellido_Materno], [Correo], [Fecha_ingreso], [Calle], [Numero], [Colonia], [Fecha_nacimiento], [Estatus_ID]) VALUES (1000000, N'Clayton', N'Dotson', N'Campos', N'Proin.non.massa@massa.org', CAST(0xD53B0B00 AS Date), N'Apartado num.: 361, 2116 Tempor Ctra.', 138, N'Merseburg', CAST(0xCA230B00 AS Date), 3)
INSERT [dbo].[Estudiante] ([Matricula], [Nombre], [Apellido_Paterno], [Apellido_Materno], [Correo], [Fecha_ingreso], [Calle], [Numero], [Colonia], [Fecha_nacimiento], [Estatus_ID]) VALUES (1000010, N'Sonya', N'Frank', N'Barber', N'est.tempor.bibendum@sapiengravidanon.edu', CAST(0xE23C0B00 AS Date), N'4387 A Av.', 178, N'Honolulu', CAST(0xA8220B00 AS Date), 1)
INSERT [dbo].[Estudiante] ([Matricula], [Nombre], [Apellido_Paterno], [Apellido_Materno], [Correo], [Fecha_ingreso], [Calle], [Numero], [Colonia], [Fecha_nacimiento], [Estatus_ID]) VALUES (1000011, N'Elijah', N'Ratliff', N'Figueroa', N'eleifend.egestas.Sed@adipiscing.com', CAST(0xEB3B0B00 AS Date), N'465-5830 Elit Avda.', 93, N'Fratta Todina', CAST(0xA4220B00 AS Date), 2)
INSERT [dbo].[Estudiante] ([Matricula], [Nombre], [Apellido_Paterno], [Apellido_Materno], [Correo], [Fecha_ingreso], [Calle], [Numero], [Colonia], [Fecha_nacimiento], [Estatus_ID]) VALUES (1000012, N'Carla', N'Livingston', N'Dean', N'blandit.mattis.Cras@lobortisultrices.co.uk', CAST(0x863D0B00 AS Date), N'316-4056 Ligula. C.', 52, N'Rochester', CAST(0xA7220B00 AS Date), 2)
INSERT [dbo].[Estudiante] ([Matricula], [Nombre], [Apellido_Paterno], [Apellido_Materno], [Correo], [Fecha_ingreso], [Calle], [Numero], [Colonia], [Fecha_nacimiento], [Estatus_ID]) VALUES (1000013, N'Sarah', N'Barrett', N'Stone', N'feugiat.placerat.velit@orcisemeget.net', CAST(0x643B0B00 AS Date), N'7537 Et Avenida', 22, N'Jemappes', CAST(0xAE220B00 AS Date), 2)
INSERT [dbo].[Estudiante] ([Matricula], [Nombre], [Apellido_Paterno], [Apellido_Materno], [Correo], [Fecha_ingreso], [Calle], [Numero], [Colonia], [Fecha_nacimiento], [Estatus_ID]) VALUES (1000014, N'Ori', N'Roach', N'Tucker', N'luctus@inceptoshymenaeosMauris.ca', CAST(0xB83B0B00 AS Date), N'201-1136 Nam Carretera', 135, N'Juneau', CAST(0xB7220B00 AS Date), 3)
INSERT [dbo].[Estudiante] ([Matricula], [Nombre], [Apellido_Paterno], [Apellido_Materno], [Correo], [Fecha_ingreso], [Calle], [Numero], [Colonia], [Fecha_nacimiento], [Estatus_ID]) VALUES (1000015, N'Colby', N'Ayers', N'Conway', N'arcu.Vivamus.sit@auctornuncnulla.org', CAST(0x313D0B00 AS Date), N'459-8880 Mauris C.', 18, N'Llandrindod Wells', CAST(0xA1220B00 AS Date), 3)
INSERT [dbo].[Estudiante] ([Matricula], [Nombre], [Apellido_Paterno], [Apellido_Materno], [Correo], [Fecha_ingreso], [Calle], [Numero], [Colonia], [Fecha_nacimiento], [Estatus_ID]) VALUES (1000016, N'Damon', N'Stokes', N'Owens', N'elit.Nulla@nibhAliquam.edu', CAST(0x753C0B00 AS Date), N'Apartado núm.: 950, 3958 Congue, Ctra.', 117, N'Thuin', CAST(0xA0220B00 AS Date), 3)
INSERT [dbo].[Estudiante] ([Matricula], [Nombre], [Apellido_Paterno], [Apellido_Materno], [Correo], [Fecha_ingreso], [Calle], [Numero], [Colonia], [Fecha_nacimiento], [Estatus_ID]) VALUES (1000017, N'Simone', N'Obrien', N'Herman', N'ipsum.dolor@Namligulaelit.net', CAST(0x423E0B00 AS Date), N'Apartado núm.: 405, 6582 Mollis Avenida', 177, N'Assiniboia', CAST(0xAB220B00 AS Date), 3)
INSERT [dbo].[Estudiante] ([Matricula], [Nombre], [Apellido_Paterno], [Apellido_Materno], [Correo], [Fecha_ingreso], [Calle], [Numero], [Colonia], [Fecha_nacimiento], [Estatus_ID]) VALUES (1000018, N'Tallulah', N'Holcomb', N'Cardenas', N'mollis.Duis.sit@risus.com', CAST(0xDD3D0B00 AS Date), N'344-7920 Facilisis, C.', 189, N'Combarbalá', CAST(0xA7220B00 AS Date), 1)
INSERT [dbo].[Estudiante] ([Matricula], [Nombre], [Apellido_Paterno], [Apellido_Materno], [Correo], [Fecha_ingreso], [Calle], [Numero], [Colonia], [Fecha_nacimiento], [Estatus_ID]) VALUES (1000019, N'Nayda', N'Mccray', N'Steele', N'ac.turpis.egestas@odioEtiam.ca', CAST(0xF63A0B00 AS Date), N'9486 In C.', 152, N'Montpellier', CAST(0xB1220B00 AS Date), 3)
INSERT [dbo].[Estudiante] ([Matricula], [Nombre], [Apellido_Paterno], [Apellido_Materno], [Correo], [Fecha_ingreso], [Calle], [Numero], [Colonia], [Fecha_nacimiento], [Estatus_ID]) VALUES (1000020, N'Ayanna', N'Howe', N'Kaufman', N'mauris.ipsum@iaculisquis.co.uk', CAST(0x893D0B00 AS Date), N'Apdo.:990-912 Sem, Carretera', 179, N'Bangalore', CAST(0x9C220B00 AS Date), 1)
INSERT [dbo].[Estudiante] ([Matricula], [Nombre], [Apellido_Paterno], [Apellido_Materno], [Correo], [Fecha_ingreso], [Calle], [Numero], [Colonia], [Fecha_nacimiento], [Estatus_ID]) VALUES (1000021, N'Nathan', N'Higgins', N'Douglas', N'purus@viverra.org', CAST(0xB33C0B00 AS Date), N'1218 Tempus, Avda.', 189, N'Cornwall', CAST(0xB4220B00 AS Date), 2)
INSERT [dbo].[Estudiante] ([Matricula], [Nombre], [Apellido_Paterno], [Apellido_Materno], [Correo], [Fecha_ingreso], [Calle], [Numero], [Colonia], [Fecha_nacimiento], [Estatus_ID]) VALUES (1000022, N'Deirdre', N'Madden', N'Davis', N'ultrices@eu.co.uk', CAST(0x633E0B00 AS Date), N'884-2124 Nibh Calle', 9, N'Verdun', CAST(0xA0220B00 AS Date), 1)
INSERT [dbo].[Estudiante] ([Matricula], [Nombre], [Apellido_Paterno], [Apellido_Materno], [Correo], [Fecha_ingreso], [Calle], [Numero], [Colonia], [Fecha_nacimiento], [Estatus_ID]) VALUES (1000023, N'Nathaniel', N'Stanley', N'Rosa', N'Nullam.lobortis.quam@Sed.net', CAST(0x0C3E0B00 AS Date), N'Apdo.:924-1218 Nonummy Carretera', 116, N'Tribogna', CAST(0xB7220B00 AS Date), 1)
INSERT [dbo].[Estudiante] ([Matricula], [Nombre], [Apellido_Paterno], [Apellido_Materno], [Correo], [Fecha_ingreso], [Calle], [Numero], [Colonia], [Fecha_nacimiento], [Estatus_ID]) VALUES (1000024, N'Colt', N'Lamb', N'Nash', N'diam@mattisvelit.co.uk', CAST(0xF93C0B00 AS Date), N'2985 Orci Calle', 123, N'Welshpool', CAST(0xA6220B00 AS Date), 1)
INSERT [dbo].[Estudiante] ([Matricula], [Nombre], [Apellido_Paterno], [Apellido_Materno], [Correo], [Fecha_ingreso], [Calle], [Numero], [Colonia], [Fecha_nacimiento], [Estatus_ID]) VALUES (1000025, N'Nerea', N'Gould', N'Bean', N'Sed@tincidunt.co.uk', CAST(0x313C0B00 AS Date), N'718-9028 Mollis Calle', 63, N'Gespeg', CAST(0xA1220B00 AS Date), 3)
INSERT [dbo].[Estudiante] ([Matricula], [Nombre], [Apellido_Paterno], [Apellido_Materno], [Correo], [Fecha_ingreso], [Calle], [Numero], [Colonia], [Fecha_nacimiento], [Estatus_ID]) VALUES (1000026, N'Cheryl', N'Salas', N'Joseph', N'fames.ac@maurisut.co.uk', CAST(0x893B0B00 AS Date), N'Apartado núm.: 369, 5026 Justo ', 88, N'Naro', CAST(0xB7220B00 AS Date), 2)
INSERT [dbo].[Estudiante] ([Matricula], [Nombre], [Apellido_Paterno], [Apellido_Materno], [Correo], [Fecha_ingreso], [Calle], [Numero], [Colonia], [Fecha_nacimiento], [Estatus_ID]) VALUES (1000027, N'Abel', N'Aguilar', N'William', N'risus@blandit.ca', CAST(0xB03B0B00 AS Date), N'6056 Augue C/', 171, N'Sant''Angelo a Fasanella', CAST(0x9A220B00 AS Date), 1)
INSERT [dbo].[Estudiante] ([Matricula], [Nombre], [Apellido_Paterno], [Apellido_Materno], [Correo], [Fecha_ingreso], [Calle], [Numero], [Colonia], [Fecha_nacimiento], [Estatus_ID]) VALUES (1000028, N'Zia', N'Vance', N'Dyer', N'magna.Nam@Maecenasmi.edu', CAST(0x353D0B00 AS Date), N'9751 Dictum Avenida', 190, N'Gdansk', CAST(0x9D220B00 AS Date), 1)
INSERT [dbo].[Estudiante] ([Matricula], [Nombre], [Apellido_Paterno], [Apellido_Materno], [Correo], [Fecha_ingreso], [Calle], [Numero], [Colonia], [Fecha_nacimiento], [Estatus_ID]) VALUES (1000029, N'Sigourney', N'Mcgowan', N'Martin', N'magnis.dis.parturient@elementumdui.com', CAST(0x323B0B00 AS Date), N'395-4889 Nec C/', 56, N'Borno', CAST(0x9E220B00 AS Date), 3)
INSERT [dbo].[Estudiante] ([Matricula], [Nombre], [Apellido_Paterno], [Apellido_Materno], [Correo], [Fecha_ingreso], [Calle], [Numero], [Colonia], [Fecha_nacimiento], [Estatus_ID]) VALUES (1000030, N'Jamal', N'Simmons', N'Mcguire', N'tincidunt.congue.turpis@arcuSedet.edu', CAST(0x853D0B00 AS Date), N'6801 Justo. Ctra.', 168, N'Pamplona', CAST(0x9B220B00 AS Date), 3)
INSERT [dbo].[Estudiante] ([Matricula], [Nombre], [Apellido_Paterno], [Apellido_Materno], [Correo], [Fecha_ingreso], [Calle], [Numero], [Colonia], [Fecha_nacimiento], [Estatus_ID]) VALUES (1000031, N'Talon', N'Compton', N'Weiss', N'vel.mauris.Integer@ornare.co.uk', CAST(0x3F3B0B00 AS Date), N'Apdo.:196-1043 Ligula. Avenida', 48, N'Colledimacine', CAST(0xA9220B00 AS Date), 2)
INSERT [dbo].[Estudiante] ([Matricula], [Nombre], [Apellido_Paterno], [Apellido_Materno], [Correo], [Fecha_ingreso], [Calle], [Numero], [Colonia], [Fecha_nacimiento], [Estatus_ID]) VALUES (1000032, N'Anastasia', N'Miranda', N'Norton', N'sociis.natoque@lectuspedeultrices.com', CAST(0xC13C0B00 AS Date), N'794-6879 Ac Avenida', 195, N'Shaki', CAST(0xB8220B00 AS Date), 2)
INSERT [dbo].[Estudiante] ([Matricula], [Nombre], [Apellido_Paterno], [Apellido_Materno], [Correo], [Fecha_ingreso], [Calle], [Numero], [Colonia], [Fecha_nacimiento], [Estatus_ID]) VALUES (1000033, N'Jescie', N'Mcknight', N'Savage', N'nulla@mi.co.uk', CAST(0xEB3A0B00 AS Date), N'Apartado núm.: 255, 1529 Rutrum C.', 16, N'Mont', CAST(0xA6220B00 AS Date), 1)
INSERT [dbo].[Estudiante] ([Matricula], [Nombre], [Apellido_Paterno], [Apellido_Materno], [Correo], [Fecha_ingreso], [Calle], [Numero], [Colonia], [Fecha_nacimiento], [Estatus_ID]) VALUES (1000034, N'Plato', N'Munoz', N'Woodward', N'arcu.eu.odio@magnaSed.ca', CAST(0x763C0B00 AS Date), N'Apdo.:899-2140 Mollis Carretera', 89, N'Husum', CAST(0xA4220B00 AS Date), 2)
INSERT [dbo].[Estudiante] ([Matricula], [Nombre], [Apellido_Paterno], [Apellido_Materno], [Correo], [Fecha_ingreso], [Calle], [Numero], [Colonia], [Fecha_nacimiento], [Estatus_ID]) VALUES (1000035, N'Randall', N'Molina', N'Mclean', N'Proin.vel@Crasdolor.co.uk', CAST(0x233B0B00 AS Date), N'Apartado núm.: 304, 1776 Proin Av.', 131, N'Essex', CAST(0xA1220B00 AS Date), 1)
INSERT [dbo].[Estudiante] ([Matricula], [Nombre], [Apellido_Paterno], [Apellido_Materno], [Correo], [Fecha_ingreso], [Calle], [Numero], [Colonia], [Fecha_nacimiento], [Estatus_ID]) VALUES (1000036, N'Yoshio', N'Cole', N'Banks', N'molestie@In.com', CAST(0xED3D0B00 AS Date), N'Apartado núm.: 565, 9514 Nunc Ctra.', 128, N'Portsmouth', CAST(0xA5220B00 AS Date), 1)
INSERT [dbo].[Estudiante] ([Matricula], [Nombre], [Apellido_Paterno], [Apellido_Materno], [Correo], [Fecha_ingreso], [Calle], [Numero], [Colonia], [Fecha_nacimiento], [Estatus_ID]) VALUES (1000037, N'Montana', N'Stanton', N'Cooke', N'Morbi.non@Fusce.co.uk', CAST(0xCF3D0B00 AS Date), N'4158 Urna. C.', 173, N'San Fele', CAST(0x9F220B00 AS Date), 2)
INSERT [dbo].[Estudiante] ([Matricula], [Nombre], [Apellido_Paterno], [Apellido_Materno], [Correo], [Fecha_ingreso], [Calle], [Numero], [Colonia], [Fecha_nacimiento], [Estatus_ID]) VALUES (1000038, N'Darrel', N'Mckinney', N'Wooten', N'feugiat.tellus@vitaealiquam.co.uk', CAST(0xE43B0B00 AS Date), N'487-8438 Sem Carretera', 7, N'Camarones', CAST(0xAE220B00 AS Date), 3)
INSERT [dbo].[Estudiante] ([Matricula], [Nombre], [Apellido_Paterno], [Apellido_Materno], [Correo], [Fecha_ingreso], [Calle], [Numero], [Colonia], [Fecha_nacimiento], [Estatus_ID]) VALUES (1000039, N'Madaline', N'Bullock', N'Hughes', N'malesuada.fringilla@cubilia.net', CAST(0x023E0B00 AS Date), N'936-6107 Dignissim C.', 51, N'Kapolei', CAST(0xA1220B00 AS Date), 2)
INSERT [dbo].[Estudiante] ([Matricula], [Nombre], [Apellido_Paterno], [Apellido_Materno], [Correo], [Fecha_ingreso], [Calle], [Numero], [Colonia], [Fecha_nacimiento], [Estatus_ID]) VALUES (1000040, N'Nathaniel', N'Greer', N'Wilson', N'Mauris.non@Nulla.ca', CAST(0x1D3C0B00 AS Date), N'995-4541 Lobortis, C.', 4, N'Tallahassee', CAST(0xA1220B00 AS Date), 1)
INSERT [dbo].[Estudiante] ([Matricula], [Nombre], [Apellido_Paterno], [Apellido_Materno], [Correo], [Fecha_ingreso], [Calle], [Numero], [Colonia], [Fecha_nacimiento], [Estatus_ID]) VALUES (1000041, N'Rooney', N'Hensley', N'Spence', N'fermentum.vel.mauris@ac.net', CAST(0x8B3B0B00 AS Date), N'Apartado núm.: 568, 1158 Et ', 114, N'Moerkerke', CAST(0xB6220B00 AS Date), 2)
INSERT [dbo].[Estudiante] ([Matricula], [Nombre], [Apellido_Paterno], [Apellido_Materno], [Correo], [Fecha_ingreso], [Calle], [Numero], [Colonia], [Fecha_nacimiento], [Estatus_ID]) VALUES (1000042, N'Elaine', N'Stevenson', N'Nicholson', N'dictum.mi@a.ca', CAST(0x1D3E0B00 AS Date), N'1779 In Calle', 107, N'Lochristi', CAST(0xB8220B00 AS Date), 3)
INSERT [dbo].[Estudiante] ([Matricula], [Nombre], [Apellido_Paterno], [Apellido_Materno], [Correo], [Fecha_ingreso], [Calle], [Numero], [Colonia], [Fecha_nacimiento], [Estatus_ID]) VALUES (1000043, N'Rose', N'Zamora', N'Conrad', N'accumsan.sed.facilisis@Nuncquisarcu.ca', CAST(0x423E0B00 AS Date), N'650-8109 A, Avenida', 154, N'Bay Roberts', CAST(0xA4220B00 AS Date), 2)
INSERT [dbo].[Estudiante] ([Matricula], [Nombre], [Apellido_Paterno], [Apellido_Materno], [Correo], [Fecha_ingreso], [Calle], [Numero], [Colonia], [Fecha_nacimiento], [Estatus_ID]) VALUES (1000044, N'Emily', N'Rich', N'Park', N'id@urna.co.uk', CAST(0xD73D0B00 AS Date), N'402-2026 Praesent C/', 126, N'Esslingen', CAST(0xAF220B00 AS Date), 3)
INSERT [dbo].[Estudiante] ([Matricula], [Nombre], [Apellido_Paterno], [Apellido_Materno], [Correo], [Fecha_ingreso], [Calle], [Numero], [Colonia], [Fecha_nacimiento], [Estatus_ID]) VALUES (1000045, N'Ria', N'Gibson', N'Lawrence', N'magnis@odioauctor.com', CAST(0x1D3B0B00 AS Date), N'9211 Malesuada Calle', 96, N'Dietzenbach', CAST(0xB2220B00 AS Date), 1)
INSERT [dbo].[Estudiante] ([Matricula], [Nombre], [Apellido_Paterno], [Apellido_Materno], [Correo], [Fecha_ingreso], [Calle], [Numero], [Colonia], [Fecha_nacimiento], [Estatus_ID]) VALUES (1000046, N'Blake', N'Soto', N'Vazquez', N'tristique@ullamcorper.ca', CAST(0x6F3B0B00 AS Date), N'Apdo.:425-1157 Dictum Calle', 19, N'Jammu', CAST(0xA3220B00 AS Date), 3)
INSERT [dbo].[Estudiante] ([Matricula], [Nombre], [Apellido_Paterno], [Apellido_Materno], [Correo], [Fecha_ingreso], [Calle], [Numero], [Colonia], [Fecha_nacimiento], [Estatus_ID]) VALUES (1000047, N'Gareth', N'Murray', N'Snider', N'luctus@enim.edu', CAST(0xC23B0B00 AS Date), N'558-458 Nibh Ctra.', 164, N'Blehen', CAST(0xB0220B00 AS Date), 3)
INSERT [dbo].[Estudiante] ([Matricula], [Nombre], [Apellido_Paterno], [Apellido_Materno], [Correo], [Fecha_ingreso], [Calle], [Numero], [Colonia], [Fecha_nacimiento], [Estatus_ID]) VALUES (1000048, N'Ruby', N'Strong', N'Franklin', N'montes@semPellentesque.ca', CAST(0x863C0B00 AS Date), N'Apartado núm.: 935, 161 Dui, Avda.', 119, N'Valda', CAST(0xAE220B00 AS Date), 1)
INSERT [dbo].[Estudiante] ([Matricula], [Nombre], [Apellido_Paterno], [Apellido_Materno], [Correo], [Fecha_ingreso], [Calle], [Numero], [Colonia], [Fecha_nacimiento], [Estatus_ID]) VALUES (1000049, N'Mark', N'Trujillo', N'Padilla', N'Fusce.mollis.Duis@ligulaAeneangravida.org', CAST(0x1B3B0B00 AS Date), N'Apartado núm.: 767, 6221 Consectetuer Carretera', 120, N'Stirling', CAST(0xA0220B00 AS Date), 2)
INSERT [dbo].[Estudiante] ([Matricula], [Nombre], [Apellido_Paterno], [Apellido_Materno], [Correo], [Fecha_ingreso], [Calle], [Numero], [Colonia], [Fecha_nacimiento], [Estatus_ID]) VALUES (1000050, N'Claudia', N'Juarez', N'Ferrell', N'dapibus@velnislQuisque.net', CAST(0x1B3D0B00 AS Date), N'Apartado núm.: 286, 8000 Iaculis C/', 147, N'Bevel', CAST(0xA9220B00 AS Date), 2)
INSERT [dbo].[Estudiante] ([Matricula], [Nombre], [Apellido_Paterno], [Apellido_Materno], [Correo], [Fecha_ingreso], [Calle], [Numero], [Colonia], [Fecha_nacimiento], [Estatus_ID]) VALUES (1000051, N'Brandon', N'Maldonado', N'Hooper', N'enim@SuspendissesagittisNullam.co.uk', CAST(0xAF3D0B00 AS Date), N'Apdo.:904-3945 Tristique Av.', 34, N'Adelaide', CAST(0xAA220B00 AS Date), 1)
INSERT [dbo].[Estudiante] ([Matricula], [Nombre], [Apellido_Paterno], [Apellido_Materno], [Correo], [Fecha_ingreso], [Calle], [Numero], [Colonia], [Fecha_nacimiento], [Estatus_ID]) VALUES (1000052, N'Alexander', N'Hartman', N'Campos', N'mauris@mollisvitae.org', CAST(0x343D0B00 AS Date), N'Apartado núm.: 911, 7098 Eu, ', 47, N'Wardha', CAST(0xB6220B00 AS Date), 2)
INSERT [dbo].[Estudiante] ([Matricula], [Nombre], [Apellido_Paterno], [Apellido_Materno], [Correo], [Fecha_ingreso], [Calle], [Numero], [Colonia], [Fecha_nacimiento], [Estatus_ID]) VALUES (1000053, N'Ruby', N'Sawyer', N'Roth', N'commodo@Nullaeget.edu', CAST(0xF03B0B00 AS Date), N'Apdo.:449-7395 Nisl Calle', 102, N'Sundrie', CAST(0xA1220B00 AS Date), 2)
INSERT [dbo].[Estudiante] ([Matricula], [Nombre], [Apellido_Paterno], [Apellido_Materno], [Correo], [Fecha_ingreso], [Calle], [Numero], [Colonia], [Fecha_nacimiento], [Estatus_ID]) VALUES (1000054, N'Garrett', N'Pollard', N'Johnston', N'odio.auctor.vitae@Suspendissenonleo.co.uk', CAST(0x763B0B00 AS Date), N'1479 In, Av.', 150, N'Fairbanks', CAST(0xA8220B00 AS Date), 2)
INSERT [dbo].[Estudiante] ([Matricula], [Nombre], [Apellido_Paterno], [Apellido_Materno], [Correo], [Fecha_ingreso], [Calle], [Numero], [Colonia], [Fecha_nacimiento], [Estatus_ID]) VALUES (1000055, N'Porter', N'Gonzalez', N'Chaney', N'ac.mattis@nonlaciniaat.org', CAST(0xD63B0B00 AS Date), N'Apdo.:327-5132 Vulputate, Avda.', 131, N'Alvito', CAST(0xA9220B00 AS Date), 2)
INSERT [dbo].[Estudiante] ([Matricula], [Nombre], [Apellido_Paterno], [Apellido_Materno], [Correo], [Fecha_ingreso], [Calle], [Numero], [Colonia], [Fecha_nacimiento], [Estatus_ID]) VALUES (1000056, N'Nasim', N'Short', N'Mccoy', N'vestibulum@dictumPhasellus.org', CAST(0x843B0B00 AS Date), N'6802 Mi C.', 91, N'Colchester', CAST(0xAA220B00 AS Date), 1)
INSERT [dbo].[Estudiante] ([Matricula], [Nombre], [Apellido_Paterno], [Apellido_Materno], [Correo], [Fecha_ingreso], [Calle], [Numero], [Colonia], [Fecha_nacimiento], [Estatus_ID]) VALUES (1000057, N'Cailin', N'Vazquez', N'Melton', N'feugiat.placerat@eueuismod.co.uk', CAST(0x143C0B00 AS Date), N'Apartado núm.: 684, 1062 Natoque Calle', 119, N'Coronel', CAST(0xA8220B00 AS Date), 3)
INSERT [dbo].[Estudiante] ([Matricula], [Nombre], [Apellido_Paterno], [Apellido_Materno], [Correo], [Fecha_ingreso], [Calle], [Numero], [Colonia], [Fecha_nacimiento], [Estatus_ID]) VALUES (1000058, N'Sean', N'Guerra', N'Schultz', N'habitant.morbi.tristique@incursus.edu', CAST(0x733D0B00 AS Date), N'Apartado núm.: 806, 4096 Velit C/', 73, N'Piotrków Trybunalski', CAST(0xA2220B00 AS Date), 1)
INSERT [dbo].[Estudiante] ([Matricula], [Nombre], [Apellido_Paterno], [Apellido_Materno], [Correo], [Fecha_ingreso], [Calle], [Numero], [Colonia], [Fecha_nacimiento], [Estatus_ID]) VALUES (1000059, N'Anthony', N'Dickerson', N'Wolf', N'rutrum.lorem.ac@Donecfeugiatmetus.ca', CAST(0xF73C0B00 AS Date), N'Apdo.:516-9565 Nec Ctra.', 78, N'Calder', CAST(0xB6220B00 AS Date), 2)
INSERT [dbo].[Estudiante] ([Matricula], [Nombre], [Apellido_Paterno], [Apellido_Materno], [Correo], [Fecha_ingreso], [Calle], [Numero], [Colonia], [Fecha_nacimiento], [Estatus_ID]) VALUES (1000060, N'Bert', N'Mcclain', N'Nunez', N'tristique.senectus.et@molestieorcitincidunt.org', CAST(0xAD3C0B00 AS Date), N'703-6479 Magna Avenida', 158, N'Baden', CAST(0x9B220B00 AS Date), 3)
INSERT [dbo].[Estudiante] ([Matricula], [Nombre], [Apellido_Paterno], [Apellido_Materno], [Correo], [Fecha_ingreso], [Calle], [Numero], [Colonia], [Fecha_nacimiento], [Estatus_ID]) VALUES (1000061, N'Natalie', N'Sargent', N'Vance', N'in@utquamvel.edu', CAST(0x0E3D0B00 AS Date), N'Apdo.:499-2175 Diam Ctra.', 86, N'Omal', CAST(0xA6220B00 AS Date), 2)
INSERT [dbo].[Estudiante] ([Matricula], [Nombre], [Apellido_Paterno], [Apellido_Materno], [Correo], [Fecha_ingreso], [Calle], [Numero], [Colonia], [Fecha_nacimiento], [Estatus_ID]) VALUES (1000062, N'Joy', N'Atkins', N'Pennington', N'nec.orci@arcuimperdietullamcorper.com', CAST(0x123B0B00 AS Date), N'389-8242 Pede, C.', 92, N'Klemskerke', CAST(0xAA220B00 AS Date), 1)
INSERT [dbo].[Estudiante] ([Matricula], [Nombre], [Apellido_Paterno], [Apellido_Materno], [Correo], [Fecha_ingreso], [Calle], [Numero], [Colonia], [Fecha_nacimiento], [Estatus_ID]) VALUES (1000063, N'Lionel', N'Henson', N'Cervantes', N'Sed.molestie.Sed@CuraePhasellus.org', CAST(0xF33D0B00 AS Date), N'Apartado núm.: 179, 5852 Quisque C/', 11, N'Tejar', CAST(0x9B220B00 AS Date), 3)
INSERT [dbo].[Estudiante] ([Matricula], [Nombre], [Apellido_Paterno], [Apellido_Materno], [Correo], [Fecha_ingreso], [Calle], [Numero], [Colonia], [Fecha_nacimiento], [Estatus_ID]) VALUES (1000064, N'Basil', N'Barr', N'Oneal', N'sed.hendrerit.a@sociisnatoque.edu', CAST(0x393D0B00 AS Date), N'4161 Lacus. Avda.', 47, N'Breton', CAST(0x9E220B00 AS Date), 1)
INSERT [dbo].[Estudiante] ([Matricula], [Nombre], [Apellido_Paterno], [Apellido_Materno], [Correo], [Fecha_ingreso], [Calle], [Numero], [Colonia], [Fecha_nacimiento], [Estatus_ID]) VALUES (1000065, N'Wing', N'Quinn', N'Campos', N'ridiculus.mus@liberonec.co.uk', CAST(0x233E0B00 AS Date), N'4852 Nulla. ', 130, N'Colchester', CAST(0x9D220B00 AS Date), 1)
INSERT [dbo].[Estudiante] ([Matricula], [Nombre], [Apellido_Paterno], [Apellido_Materno], [Correo], [Fecha_ingreso], [Calle], [Numero], [Colonia], [Fecha_nacimiento], [Estatus_ID]) VALUES (1000066, N'Gareth', N'Cherry', N'Kaufman', N'porttitor.eros@augueeutempor.edu', CAST(0x113C0B00 AS Date), N'Apdo.:482-4565 In Avda.', 17, N'Columbia', CAST(0xB8220B00 AS Date), 1)
INSERT [dbo].[Estudiante] ([Matricula], [Nombre], [Apellido_Paterno], [Apellido_Materno], [Correo], [Fecha_ingreso], [Calle], [Numero], [Colonia], [Fecha_nacimiento], [Estatus_ID]) VALUES (1000067, N'Diana', N'Snow', N'Anderson', N'ultricies@ultrices.ca', CAST(0x923D0B00 AS Date), N'Apdo.:573-3123 Sem Avenida', 86, N'Johnstone', CAST(0xAF220B00 AS Date), 3)
INSERT [dbo].[Estudiante] ([Matricula], [Nombre], [Apellido_Paterno], [Apellido_Materno], [Correo], [Fecha_ingreso], [Calle], [Numero], [Colonia], [Fecha_nacimiento], [Estatus_ID]) VALUES (1000068, N'Flavia', N'Pugh', N'Wiley', N'lectus@pede.edu', CAST(0xFE3C0B00 AS Date), N'299-4170 Augue ', 181, N'Zoetermeer', CAST(0xA9220B00 AS Date), 1)
INSERT [dbo].[Estudiante] ([Matricula], [Nombre], [Apellido_Paterno], [Apellido_Materno], [Correo], [Fecha_ingreso], [Calle], [Numero], [Colonia], [Fecha_nacimiento], [Estatus_ID]) VALUES (1000069, N'Quinlan', N'Green', N'Bernard', N'odio@scelerisquenequesed.co.uk', CAST(0x4E3D0B00 AS Date), N'848-9445 Et, Av.', 25, N'Casoli', CAST(0xAB220B00 AS Date), 2)
INSERT [dbo].[Estudiante] ([Matricula], [Nombre], [Apellido_Paterno], [Apellido_Materno], [Correo], [Fecha_ingreso], [Calle], [Numero], [Colonia], [Fecha_nacimiento], [Estatus_ID]) VALUES (1000070, N'Yuri', N'Bray', N'Harper', N'Fusce.aliquam.enim@velarcuCurabitur.net', CAST(0xCE3B0B00 AS Date), N'6283 Libero. ', 180, N'Sosnowiec', CAST(0xB5220B00 AS Date), 3)
INSERT [dbo].[Estudiante] ([Matricula], [Nombre], [Apellido_Paterno], [Apellido_Materno], [Correo], [Fecha_ingreso], [Calle], [Numero], [Colonia], [Fecha_nacimiento], [Estatus_ID]) VALUES (1000071, N'Jack', N'Brooks', N'Pollard', N'per.conubia@et.edu', CAST(0xAB3D0B00 AS Date), N'Apdo.:493-8936 Aliquet Calle', 8, N'Telde', CAST(0xA1220B00 AS Date), 1)
INSERT [dbo].[Estudiante] ([Matricula], [Nombre], [Apellido_Paterno], [Apellido_Materno], [Correo], [Fecha_ingreso], [Calle], [Numero], [Colonia], [Fecha_nacimiento], [Estatus_ID]) VALUES (1000072, N'Dean', N'Howell', N'Anthony', N'pede.Suspendisse@purus.co.uk', CAST(0x9D3B0B00 AS Date), N'Apdo.:689-2424 Lorem, C/', 113, N'Oostkerk', CAST(0xB3220B00 AS Date), 1)
INSERT [dbo].[Estudiante] ([Matricula], [Nombre], [Apellido_Paterno], [Apellido_Materno], [Correo], [Fecha_ingreso], [Calle], [Numero], [Colonia], [Fecha_nacimiento], [Estatus_ID]) VALUES (1000073, N'Clinton', N'Johns', N'Nieves', N'malesuada.vel@nunc.org', CAST(0x433C0B00 AS Date), N'819-5589 Consectetuer Calle', 162, N'Catanzaro', CAST(0xB8220B00 AS Date), 3)
INSERT [dbo].[Estudiante] ([Matricula], [Nombre], [Apellido_Paterno], [Apellido_Materno], [Correo], [Fecha_ingreso], [Calle], [Numero], [Colonia], [Fecha_nacimiento], [Estatus_ID]) VALUES (1000074, N'Jenna', N'Mcgee', N'Middleton', N'in.aliquet@liberomaurisaliquam.ca', CAST(0x953C0B00 AS Date), N'629-5653 Risus. Carretera', 73, N'Saint-Marcel', CAST(0xA1220B00 AS Date), 1)
INSERT [dbo].[Estudiante] ([Matricula], [Nombre], [Apellido_Paterno], [Apellido_Materno], [Correo], [Fecha_ingreso], [Calle], [Numero], [Colonia], [Fecha_nacimiento], [Estatus_ID]) VALUES (1000075, N'Josiah', N'Santiago', N'Foreman', N'rutrum.urna@consectetuereuismodest.net', CAST(0xB03B0B00 AS Date), N'Apartado núm.: 180, 9986 Lacinia Carretera', 152, N'Saint John', CAST(0xB7220B00 AS Date), 3)
INSERT [dbo].[Estudiante] ([Matricula], [Nombre], [Apellido_Paterno], [Apellido_Materno], [Correo], [Fecha_ingreso], [Calle], [Numero], [Colonia], [Fecha_nacimiento], [Estatus_ID]) VALUES (1000076, N'Ivan', N'Sloan', N'Knowles', N'lectus.justo.eu@sit.org', CAST(0xE83A0B00 AS Date), N'Apdo.:437-475 Nulla Avenida', 20, N'Sant''Egidio alla Vibrata', CAST(0xB3220B00 AS Date), 2)
INSERT [dbo].[Estudiante] ([Matricula], [Nombre], [Apellido_Paterno], [Apellido_Materno], [Correo], [Fecha_ingreso], [Calle], [Numero], [Colonia], [Fecha_nacimiento], [Estatus_ID]) VALUES (1000077, N'Hamilton', N'Stein', N'Payne', N'rutrum@Cumsociis.com', CAST(0xE83D0B00 AS Date), N'Apartado núm.: 990, 5684 Accumsan Avenida', 127, N'Hennigsdorf', CAST(0xAD220B00 AS Date), 2)
INSERT [dbo].[Estudiante] ([Matricula], [Nombre], [Apellido_Paterno], [Apellido_Materno], [Correo], [Fecha_ingreso], [Calle], [Numero], [Colonia], [Fecha_nacimiento], [Estatus_ID]) VALUES (1000078, N'Carson', N'Weeks', N'Jordan', N'vitae.risus@acmattissemper.org', CAST(0x483E0B00 AS Date), N'5422 Cras C/', 163, N'Portofino', CAST(0x9F220B00 AS Date), 1)
INSERT [dbo].[Estudiante] ([Matricula], [Nombre], [Apellido_Paterno], [Apellido_Materno], [Correo], [Fecha_ingreso], [Calle], [Numero], [Colonia], [Fecha_nacimiento], [Estatus_ID]) VALUES (1000079, N'Bernard', N'Browning', N'Key', N'mollis@natoquepenatibuset.edu', CAST(0x3E3D0B00 AS Date), N'Apdo.:185-4207 Ante Calle', 111, N'Lutsel K''e', CAST(0xB7220B00 AS Date), 2)
INSERT [dbo].[Estudiante] ([Matricula], [Nombre], [Apellido_Paterno], [Apellido_Materno], [Correo], [Fecha_ingreso], [Calle], [Numero], [Colonia], [Fecha_nacimiento], [Estatus_ID]) VALUES (1000080, N'Hiram', N'Kemp', N'Marshall', N'in@Curabiturconsequatlectus.co.uk', CAST(0xFA3C0B00 AS Date), N'829-8433 Malesuada ', 113, N'Ongole', CAST(0xB7220B00 AS Date), 3)
INSERT [dbo].[Estudiante] ([Matricula], [Nombre], [Apellido_Paterno], [Apellido_Materno], [Correo], [Fecha_ingreso], [Calle], [Numero], [Colonia], [Fecha_nacimiento], [Estatus_ID]) VALUES (1000081, N'Aquila', N'Flores', N'Holman', N'Morbi@eu.co.uk', CAST(0x4F3E0B00 AS Date), N'Apartado núm.: 312, 1960 Nulla Avenida', 113, N'Pinkafeld', CAST(0xA8220B00 AS Date), 3)
INSERT [dbo].[Estudiante] ([Matricula], [Nombre], [Apellido_Paterno], [Apellido_Materno], [Correo], [Fecha_ingreso], [Calle], [Numero], [Colonia], [Fecha_nacimiento], [Estatus_ID]) VALUES (1000082, N'James', N'Bridges', N'Vargas', N'rhoncus@velit.edu', CAST(0x8A3C0B00 AS Date), N'253-8395 Tellus. C.', 79, N'La Roche-sur-Yon', CAST(0x9F220B00 AS Date), 3)
INSERT [dbo].[Estudiante] ([Matricula], [Nombre], [Apellido_Paterno], [Apellido_Materno], [Correo], [Fecha_ingreso], [Calle], [Numero], [Colonia], [Fecha_nacimiento], [Estatus_ID]) VALUES (1000083, N'Kaden', N'Mcfadden', N'Marquez', N'ipsum.dolor.sit@mi.com', CAST(0x253B0B00 AS Date), N'4742 Fusce Avda.', 31, N'Arnesano', CAST(0x9E220B00 AS Date), 2)
INSERT [dbo].[Estudiante] ([Matricula], [Nombre], [Apellido_Paterno], [Apellido_Materno], [Correo], [Fecha_ingreso], [Calle], [Numero], [Colonia], [Fecha_nacimiento], [Estatus_ID]) VALUES (1000084, N'Nayda', N'Wallace', N'Dale', N'metus@fermentum.co.uk', CAST(0x783D0B00 AS Date), N'Apdo.:189-2612 Ultricies C/', 147, N'Bergen op Zoom', CAST(0x9D220B00 AS Date), 2)
INSERT [dbo].[Estudiante] ([Matricula], [Nombre], [Apellido_Paterno], [Apellido_Materno], [Correo], [Fecha_ingreso], [Calle], [Numero], [Colonia], [Fecha_nacimiento], [Estatus_ID]) VALUES (1000085, N'Porter', N'Garcia', N'Cook', N'et.risus@semNulla.ca', CAST(0x993C0B00 AS Date), N'3171 Adipiscing C.', 164, N'HomprŽ', CAST(0xAF220B00 AS Date), 3)
INSERT [dbo].[Estudiante] ([Matricula], [Nombre], [Apellido_Paterno], [Apellido_Materno], [Correo], [Fecha_ingreso], [Calle], [Numero], [Colonia], [Fecha_nacimiento], [Estatus_ID]) VALUES (1000086, N'Breanna', N'Hernandez', N'Brewer', N'pede.Praesent@semvitaealiquam.net', CAST(0x213E0B00 AS Date), N'Apartado núm.: 170, 3382 In C/', 45, N'Frankfort', CAST(0xB3220B00 AS Date), 3)
INSERT [dbo].[Estudiante] ([Matricula], [Nombre], [Apellido_Paterno], [Apellido_Materno], [Correo], [Fecha_ingreso], [Calle], [Numero], [Colonia], [Fecha_nacimiento], [Estatus_ID]) VALUES (1000087, N'Nolan', N'Bates', N'Carpenter', N'malesuada.id@vehicula.co.uk', CAST(0xDC3A0B00 AS Date), N'9997 Donec C/', 158, N'Eschwege', CAST(0xA9220B00 AS Date), 2)
INSERT [dbo].[Estudiante] ([Matricula], [Nombre], [Apellido_Paterno], [Apellido_Materno], [Correo], [Fecha_ingreso], [Calle], [Numero], [Colonia], [Fecha_nacimiento], [Estatus_ID]) VALUES (1000088, N'Lance', N'Leach', N'Poole', N'arcu.ac.orci@imperdietdictum.net', CAST(0xD43C0B00 AS Date), N'3254 Tristique ', 152, N'Burg', CAST(0xA9220B00 AS Date), 2)
INSERT [dbo].[Estudiante] ([Matricula], [Nombre], [Apellido_Paterno], [Apellido_Materno], [Correo], [Fecha_ingreso], [Calle], [Numero], [Colonia], [Fecha_nacimiento], [Estatus_ID]) VALUES (1000089, N'Kaseem', N'Meyers', N'Nielsen', N'a@risus.co.uk', CAST(0x3A3E0B00 AS Date), N'9811 Gravida. ', 194, N'Fort McPherson', CAST(0x9A220B00 AS Date), 3)
INSERT [dbo].[Estudiante] ([Matricula], [Nombre], [Apellido_Paterno], [Apellido_Materno], [Correo], [Fecha_ingreso], [Calle], [Numero], [Colonia], [Fecha_nacimiento], [Estatus_ID]) VALUES (1000090, N'Oleg', N'Chambers', N'Rojas', N'Aliquam.gravida.mauris@luctuset.ca', CAST(0x823B0B00 AS Date), N'Apartado núm.: 495, 1081 Facilisi. Calle', 117, N'Corvino San Quirico', CAST(0x9C220B00 AS Date), 2)
INSERT [dbo].[Estudiante] ([Matricula], [Nombre], [Apellido_Paterno], [Apellido_Materno], [Correo], [Fecha_ingreso], [Calle], [Numero], [Colonia], [Fecha_nacimiento], [Estatus_ID]) VALUES (1000091, N'Nell', N'Gilmore', N'Rasmussen', N'tincidunt.pede.ac@consectetuerrhoncusNullam.com', CAST(0x2B3D0B00 AS Date), N'Apdo.:679-1981 Et, Avenida', 17, N'Mission', CAST(0xB4220B00 AS Date), 1)
INSERT [dbo].[Estudiante] ([Matricula], [Nombre], [Apellido_Paterno], [Apellido_Materno], [Correo], [Fecha_ingreso], [Calle], [Numero], [Colonia], [Fecha_nacimiento], [Estatus_ID]) VALUES (1000092, N'Zoe', N'Perkins', N'Luna', N'ac@lacuspede.net', CAST(0x303C0B00 AS Date), N'Apartado núm.: 549, 6655 Praesent C.', 192, N'Houffalize', CAST(0xB0220B00 AS Date), 2)
INSERT [dbo].[Estudiante] ([Matricula], [Nombre], [Apellido_Paterno], [Apellido_Materno], [Correo], [Fecha_ingreso], [Calle], [Numero], [Colonia], [Fecha_nacimiento], [Estatus_ID]) VALUES (1000093, N'Virginia', N'Gordon', N'Woods', N'interdum@tellus.co.uk', CAST(0x933C0B00 AS Date), N'3766 In Carretera', 157, N'Sluis', CAST(0xA7220B00 AS Date), 3)
INSERT [dbo].[Estudiante] ([Matricula], [Nombre], [Apellido_Paterno], [Apellido_Materno], [Correo], [Fecha_ingreso], [Calle], [Numero], [Colonia], [Fecha_nacimiento], [Estatus_ID]) VALUES (1000094, N'Tucker', N'Prince', N'Simon', N'sem.semper@vitae.co.uk', CAST(0x0C3C0B00 AS Date), N'Apartado núm.: 889, 4324 Mi Avenida', 92, N'Minna', CAST(0xB8220B00 AS Date), 2)
INSERT [dbo].[Estudiante] ([Matricula], [Nombre], [Apellido_Paterno], [Apellido_Materno], [Correo], [Fecha_ingreso], [Calle], [Numero], [Colonia], [Fecha_nacimiento], [Estatus_ID]) VALUES (1000095, N'Ulysses', N'Poole', N'Strong', N'neque.pellentesque.massa@ullamcorperviverraMaecenas.com', CAST(0x3C3C0B00 AS Date), N'Apartado núm.: 441, 3308 Cras ', 58, N'Vico del Gargano', CAST(0x9B220B00 AS Date), 2)
INSERT [dbo].[Estudiante] ([Matricula], [Nombre], [Apellido_Paterno], [Apellido_Materno], [Correo], [Fecha_ingreso], [Calle], [Numero], [Colonia], [Fecha_nacimiento], [Estatus_ID]) VALUES (1000096, N'Damian', N'David', N'Shepherd', N'purus@perconubia.ca', CAST(0xFA3D0B00 AS Date), N'7878 Nunc. ', 32, N'Illkirch-Graffenstaden', CAST(0x9B220B00 AS Date), 2)
INSERT [dbo].[Estudiante] ([Matricula], [Nombre], [Apellido_Paterno], [Apellido_Materno], [Correo], [Fecha_ingreso], [Calle], [Numero], [Colonia], [Fecha_nacimiento], [Estatus_ID]) VALUES (1000097, N'Sharon', N'Boyer', N'Mullins', N'lorem.tristique@tempusnonlacinia.edu', CAST(0xA83C0B00 AS Date), N'715-4316 Vitae Calle', 80, N'Centa San Nicolò', CAST(0xB5220B00 AS Date), 2)
INSERT [dbo].[Estudiante] ([Matricula], [Nombre], [Apellido_Paterno], [Apellido_Materno], [Correo], [Fecha_ingreso], [Calle], [Numero], [Colonia], [Fecha_nacimiento], [Estatus_ID]) VALUES (1000098, N'Hanna', N'Davis', N'Cardenas', N'malesuada.fames.ac@purus.net', CAST(0x123D0B00 AS Date), N'Apartado núm.: 660, 3411 Tellus C.', 43, N'Hoogstraten', CAST(0x9A220B00 AS Date), 1)
INSERT [dbo].[Estudiante] ([Matricula], [Nombre], [Apellido_Paterno], [Apellido_Materno], [Correo], [Fecha_ingreso], [Calle], [Numero], [Colonia], [Fecha_nacimiento], [Estatus_ID]) VALUES (1000099, N'Briar', N'Adkins', N'Hyde', N'dolor@risusatfringilla.co.uk', CAST(0xE43A0B00 AS Date), N'8096 Sed Ctra.', 132, N'Firenze', CAST(0x9A220B00 AS Date), 1)


SELECT *
from Estudiante

--5 Reportes
CREATE VIEW Estudiantes_Inactivos as 
SELECT COUNT(Matricula) as 'Cantidad de inactivos'
From Estudiante
WHERE Estatus_ID = 2 

CREATE VIEW [Nombres_Estudiantes_Activos] as 
SELECT Estudiante.Nombre
from Estudiante inner join Estatus ON Estudiante.Estatus_ID = Estatus.ID
WHERE Estatus_ID = 1

CREATE VIEW [Nombres_Estudiantes_Activos] as 
SELECT Estudiante.Nombre
from Estudiante inner join Estatus ON Estudiante.Estatus_ID = Estatus.ID
WHERE Estatus_ID = 1

CREATE VIEW [Estudiantes_Mayores_18] as
SELECT Estudiante.Nombre, Estudiante.Fecha_nacimiento, Estudiante.Fecha_ingreso
from Estudiante
WHERE Fecha_nacimiento <= '1/1/1999'

CREATE VIEW [Salones_Grandes] as
SELECT Aula.Numero, Aula.Capacidad
From Aula
WHERE Aula.Tipo = 'Grande'

SELECT *
From Salones_Grandes

--1 Subconsulta
SELECT Estudiante.Matricula
FROM Estudiante
WHERE Estudiante.Estatus_ID = 1
(SELECT Estudiante.Estatus_ID
from Estudiante)

-- 1 subconsulta de with
WITH Mayores_18 AS
(SELECT *
from Estudiante
WHERE Estudiante.Estatus_ID = 1)

Select *
from Mayores_18

--Crear una tabla temporal y hacerle una consulta
Create Table Estudiantes_Colonia(Nombre varchar(70), Colonia varchar(100))
INSERT INTO Estudiantes_Colonia SELECT Nombre, Colonia
From Estudiante

Select * From Estudiantes_Colonia
